id;biz_item_id;pair_contract_id;pair_contract_name;template_name;template_desc;template_type;file_path;file_id;del_flag;create_time;create_by_id;create_by_name;create_by_org_id;create_by_org_name;last_up_time;last_up_id;last_up_name
1;Honduras;pink South Dakota;Fully-configurable Auto Loan Account Car;Small Soft Soap sensor Berkshire;Jewelery SDD;Georgia mu;Movies Towels deposit;Beauty Kansas invoice;true;2020-08-27T22:54:27;backing up Implementation;quantifying;compress Yen;Intranet;2020-08-27T07:08:50;PNG invoice;Corporate
2;PCI Armenian Dram;Towels Borders Self-enabling;Bedfordshire Practical Granite Hat;Producer intermediate ability;program;Avon Princ;Legacy Guam;capacity Coordinator infrastructures;false;2020-08-27T13:39:57;Fiji withdrawal;methodical input protocol;Uganda;sky blue;2020-08-27T13:02:14;Tasty Plastic Mouse;world-class
3;North Dakota Investor rich;Saint Helena analyzing quantifying;index SMTP;Checking Account;indexing Customer;productivi;unleash pixel Guam;global Clothing;true;2020-08-27T22:59:55;Kyat Yemen;Bedfordshire;New Mexico Arkansas;Rhode Island;2020-08-27T20:37:37;Practical auxiliary;Sharable Svalbard & Jan Mayen Islands connecting
4;synthesizing Accountability Handcrafted;Small;deploy orchid Strategist;Movies monitoring;Unbranded Soft Soap;California;brand transmitter;Won;true;2020-08-27T09:09:19;Euro Belize Dollar;local area network;Quality Personal Loan Account;withdrawal;2020-08-27T14:06:27;Direct Industrial Metal;Berkshire
5;pink generating enhance;bluetooth Home Loan Account Books;Pula Estate;Tanzania;Bahrain Director Optional;auxiliary ;Small Concrete Mouse;Savings Account visionary;true;2020-08-28T03:01:42;Gorgeous SCSI payment;interfaces;matrix Liaison;interactive Arkansas;2020-08-27T19:01:09;eco-centric invoice TCP;hacking Sleek
6;azure Accounts Chief;Configuration Borders;Credit Card Account Pennsylvania Center;Automotive;Planner complexity Table;Engineer s;Berkshire experiences;Dobra;false;2020-08-27T10:21:02;SMTP Baby program;Corporate Fantastic world-class;United States Minor Outlying Islands Tri;Concrete Integrated backing up;2020-08-27T07:36:14;Lead 4th generation Ergonomic Fresh Fish;back up Mouse
7;JSON;Up-sized;product superstructure open-source;holistic Infrastructure emulation;Orchestrator;port;Intelligent Granite Shirt;Home Soft capacitor;true;2020-08-27T20:26:04;Salad Louisiana mint green;Metal magenta cutting-edge;Credit Card Account Unbranded Steel Shoe;leverage mission-critical solid state;2020-08-27T09:16:31;Liechtenstein cross-platform;compress JSON
8;bluetooth;compress connecting;deliver Generic Refined Frozen Bike;Bedfordshire;Industrial PCI;back-end;navigate generate;Shirt Metal;false;2020-08-27T08:42:32;channels;programming;lime;Ergonomic Granite Sausages withdrawal multi-byte;2020-08-27T13:15:47;task-force data-warehouse;navigating
9;Integrated port Generic Steel Car;task-force redundant;Bacon;systematic AI Rustic Granite Fish;Fork Soft;Spurs pixe;Movies withdrawal;Program solution-oriented Money Market Account;false;2020-08-27T22:13:01;New Zealand Dollar bypass;Corporate;parallelism;index;2020-08-27T12:57:36;portals;Syrian Arab Republic Multi-tiered
10;Grocery;Cambridgeshire;Accounts Face to face;bypassing Liaison payment;Costa Rica;Buckingham;parsing Cambridgeshire calculate;Checking Account capacity;false;2020-08-27T16:01:34;Madagascar database;Markets mint green;Refined Cotton Gloves;Fantastic Concrete Table visualize Locks;2020-08-27T08:43:16;generate Chair Branding;Som New York viral
