id;pkid;biz_item_id;pair_contract_id;pair_contract_name;template_id;template_name;template_type;file_path;auth_file_id;auth_time;auth_status;person_id;person_name;person_id_card;person_phone;company_name;company_social_code;auth_channel;auth_origin;del_flag;create_time;create_by_id;create_by_name;create_by_org_id;create_by_org_name;last_up_time;last_up_id;last_up_name
1;Zambia;Direct Berkshire clear-thinking;didactic Pants;backing up Buckinghamshire;Frozen niches Yen;Comoros compressing Handmade;hacking se;indexing Credit Card Account Georgia;Developer Borders;2020-08-23T19:59:48;programmin;interface;Brunei Dollar;calculate methodology;Saint Barth;visualize;Bike indexing;FTP invoic;Supervisor Hat;false;2020-08-23T22:37:08;Buckinghamshire;e-tailers Dynamic International;Tanzanian Shilling Handmade Frozen Chees;Avon orchestrate;2020-08-23T18:21:26;Pines Lead Delaware;Berkshire
2;hack;Multi-tiered Engineer seize;RAM Awesome Wooden Fish Awesome Frozen C;virtual Handcrafted Steel Car success;Keyboard;quantify Ergonomic;Tactics;Granite Pennsylvania;Som Rhode Island Refined Concrete Computer;2020-08-23T03:47:42;Corporate;Investment Account Alaska;calculate;magnetic;Light wirel;turquoise;generating system disintermediate;solid stat;Personal Loan Accoun;false;2020-08-23T04:56:05;Architect overriding Fantastic;Investment Account cross-media Kids;metrics;Tasty;2020-08-23T11:55:30;Brunei Darussalam Outdoors;multi-byte projection Solutions
3;generate Clothing moderator;withdrawal Web Diverse;Home Loan Account Legacy cutting-edge;one-to-one Sleek Metal Ball Credit Card ;Analyst transform;withdrawal;Metal part;withdrawal;Avon Trail bottom-line;2020-08-23T21:48:13;strategize;monitor;pixel Unbranded Berk;Auto Loan Account driver Incredible Soft Bike;withdrawal ;program;Bahamian Dollar calculating;optical;Investment Account A;true;2020-08-23T15:13:52;Customer functionalities;payment;Organized array Assistant;turn-key Metical Hryvnia;2020-08-23T15:13:28;Cambridgeshire feed;Supervisor Savings Account Bacon
4;copying;Gloves Producer web-readiness;Hollow Tasty;program Stravenue Berkshire;integrate deposit Ball;1080p innovate withdrawal;Bedfordshi;Officer;Incredible Direct;2020-08-23T21:36:41;solutions ;Towels copy haptic;Regional Programmabl;parsing;hack cross-;Engineer value-added;Checking Account grow Ghana;Personal L;Money Market Account;true;2020-08-23T08:10:25;Designer analyzing deposit;override vertical Alabama;Web;scalable Customer clear-thinking;2020-08-23T12:03:08;mindshare Gorgeous Concrete Table visual;seamless sexy
5;primary Ohio;Graphic Interface Granite override;Bike Practical;Savings Account Direct;Moroccan Dirham card Robust;mobile synthesize;Manager Il;Salad Cambridgeshire District;Vermont Handcrafted Wooden Bike;2020-08-23T17:21:07;Customer V;Streets Sausages;24/7 redefine Sleek ;sticky Officer;index;Steel payment Investment Account;Legacy wireless;lavender;calculating embrace;true;2020-08-23T18:26:21;local Sausages;payment;intranet;Optimized;2020-08-23T23:21:26;Codes specifically reserved for testing ;Cross-platform
6;calculate;markets Licensed Fresh Computer radical;Lebanese Pound;Hill Practical Cotton Shirt synthesizing;calculating withdrawal Directives;wireless Israel;HDD;Fish Gloves;Small Fresh Chicken Russian Ruble ADP;2020-08-23T14:38:49;Licensed;Trinidad and Tobago maximize Netherlands;Auto Loan Account;distributed;optical Age;Licensed Forest;index;Garden Ber;Alabama;true;2020-08-23T13:20:56;Organic panel extranet;Metal dynamic firewall;Locks withdrawal;Organic Dynamic Assistant;2020-08-24T02:32:21;impactful local morph;upward-trending Cross-platform
7;Ohio;Checking Account reintermediate;Port firewall;benchmark;Extended;Liaison;distribute;IB;Exclusive partnerships pixel;2020-08-23T19:47:02;Quality im;copying EXE;multi-byte;e-tailers Utah;multimedia;International;Place;Fresh;Awesome Route Illino;true;2020-08-23T08:51:09;transmitting Multi-channelled mobile;modular;Granite Shoes invoice;Inverse District technologies;2020-08-23T23:10:40;Fiji Dollar Refined Agent;Zloty Chief Inverse
8;Forward Assurance Colorado;Road zero tolerance deliverables;Bike Buckinghamshire;driver navigate Optimized;Concrete Gorgeous deposit;Rubber CFP Franc Locks;e-commerce;Meadows;bleeding-edge Data overriding;2020-08-23T14:21:18;Cotton;Computer program seamless;redefine parsing;Metal Outdoors Universal;Missouri Ok;1080p;Handmade Fresh Cheese connect Strategist;Branding;Implementation Produ;false;2020-08-23T23:08:26;Integration Forward;Guatemala Seychelles Rupee microchip;benchmark;Connecticut e-commerce Tactics;2020-08-23T08:01:12;Supervisor;Engineer
9;Garden cultivate;Granite copy Steel;Cuban Peso Peso Convertible;repurpose;Global;Incredible withdrawal Profound;withdrawal;Sleek Customer Canadian Dollar;backing up Senior Rubber;2020-08-23T02:45:34;interactiv;Practical Steel Pants;Key;Bedfordshire quantifying synergize;parsing Sav;connecting Licensed Granite Ball;Electronics optimize;Berkshire ;card Colorado;false;2020-08-23T07:31:18;EXE;Towels;Integrated Extensions Club;Liberian Dollar orange Yemen;2020-08-23T23:26:25;bluetooth orange Officer;Gorgeous
10;Incredible Concrete Towels;Road;Corporate Tasty Soft Table;quantify cutting-edge Cotton;content deposit;Freeway Innovative cross-platform;Louisiana ;redundant;Distributed Intranet;2020-08-23T14:46:46;Investor A;discrete;deposit;Cambridgeshire;middleware ;SMS Tennessee;support leading-edge encompassing;gold;facilitate Fresh;false;2020-08-23T09:08:25;Niger;Engineer;Virtual monitor;impactful Beauty;2020-08-23T08:08:43;parse override;deposit Persevering
