id;pkid;app_key;consumer_name;interface_id;interface_code;interface_name;data_prov_ids;use_time;status;interface_path;global_unique_id;del_flag;create_time;create_by_id;create_by_name;create_by_org_id;create_by_org_name
1;Agent Baby invoice;Virgin Islands, U.S. Pizza;Senior bifurcated invoice;ADP;synthesize Incredible;Metrics Latvian Lats;back-end;2020-08-23T15:38:22;Tasty Rubb;Savings Account Steel;Steel;false;2020-08-23T05:32:58;Silver connecting;cyan SSL;Kansas Investment Account Bedfordshire;Monitored Parkway
2;paradigms Generic;Landing JBOD Granite;Buckinghamshire Auto Loan Account;Table;generate solutions;SQL evolve;Pants Prairie;2020-08-23T15:39:36;Awesome op;Wooden;Director Infrastructure cyan;false;2020-08-24T01:44:41;Indian Rupee Ngultrum;Borders cross-platform;Indiana;Divide Berkshire Specialist
3;feed;Home JSON withdrawal;Intelligent Steel Fish Bedfordshire Steel;Industrial;Money Market Account capacitor New Taiwa;SSL adapter sticky;target Grocery;2020-08-23T22:58:10;Parkways e;Representative Maine XSS;Refined Granite Cheese;false;2020-08-23T09:38:29;wireless Avon Right-sized;Bahamas Armenia;Product Unbranded Cotton Mouse;Auto Loan Account generate
4;Handcrafted;Jewelery Home;Chicken Bacon methodologies;monetize Hawaii Plastic;Kids Plastic;calculating;Generic Cambridgeshire;2020-08-23T03:54:36;navigate P;Florida Brunei Dollar online;Arkansas;true;2020-08-23T18:56:32;Garden cyan;leverage PNG Legacy;Rand Namibia Dollar compressing;paradigms connecting
5;Guatemala Solutions;bleeding-edge;Ergonomic Granite Salad Rustic;Forward microchip Technician;Egyptian Pound PNG;eco-centric;Research;2020-08-23T04:06:39;generate p;Investment Account facilitate;Virginia Wooden Soap;true;2020-08-23T17:10:16;invoice JSON matrix;sky blue;mobile;Balboa US Dollar Berkshire
6;Mobility;Representative Algerian Dinar bypassing;Refined;Decentralized index;Tasty Frozen digital;Mouse;Graphic Interface;2020-08-23T09:08:54;compressin;SQL Wooden Handcrafted Concrete Sausages;lime backing up;false;2020-08-23T09:22:59;withdrawal;Intelligent;Specialist withdrawal;Borders multi-byte
7;deposit;forecast;Chair;Iraq Shoes;architect ubiquitous Rubber;Tasty Granite Sausages Realigned calculate;Costa Rica;2020-08-23T16:11:51;end-to-end;haptic;Silver;false;2020-08-23T20:08:53;Planner backing up;Kip;impactful Executive;fuchsia Global
8;SMTP;e-tailers;navigate Russian Federation lime;Focused Metrics Producer;Communications South Dakota Optimization;Books Tasty solutions;Myanmar invoice;2020-08-23T08:39:43;online Ope;Sleek Soft Shirt visualize Savings Account;intranet schemas;true;2020-08-23T03:40:07;content-based Pre-emptive District;redefine;Shirt azure IB;payment
9;Quetzal;Soap connect Junctions;feed Keyboard JSON;e-business Passage;capacitor Rubber;Awesome;Delaware reinvent;2020-08-23T06:27:54;pink Mexic;next generation Handmade;Savings Account;true;2020-08-23T20:09:51;Graphic Interface Cambridgeshire Cotton;initiative virtual Soap;RSS Associate Bedfordshire;instruction set
10;index;Branding Points payment;payment Berkshire web services;solutions;Fantastic Pants;Open-architected Rial Omani;6th generation Engineer Vanuatu;2020-08-24T01:55:10;enable Gra;Mouse navigate 1080p;facilitate;false;2020-08-24T00:08:04;microchip;Gloves Concrete;Georgia Usability;metrics Bedfordshire Iraqi Dinar
