id;pkid;pair_contract_id;file_path;file_name;del_flag;create_time
1;4ec1f967-efde-4eb0-b037-1c798affb74d;Fresh Rustic;microchip SAS;RAM;true;2020-08-23T17:41:59
2;0b8007e9-2c17-42f0-9a51-b22c07a59500;web-readiness;Refined Cotton Salad Palestinian Territory Buckinghamshire;bandwidth-monitored;false;2020-08-23T17:40:57
3;dd7d0699-4031-4a00-bcad-5a3e1a78aecb;azure ADP Ball;GB e-services;Compatible Licensed impactful;true;2020-08-23T10:02:18
4;7508dde9-2d96-4225-b37d-0c56c332f943;Nebraska;overriding;payment;false;2020-08-23T23:57:25
5;b7349a6a-37f1-4596-92b3-6caa377643d2;Balanced Hat;fuchsia Tuna;paradigms Cotton;false;2020-08-23T09:09:24
6;430e5fed-e2bd-481b-8f29-f1f479832b3e;payment concept;Bedfordshire hardware Customizable;Crossing;false;2020-08-23T22:01:44
7;3a2b361a-21d1-49c9-899d-ea590f509d84;Bedfordshire;Inverse driver USB;firewall blue;true;2020-08-23T08:04:30
8;da5d31c3-9a29-4bef-85e0-191d09f659b8;payment transmit Chicken;olive;USB;false;2020-08-23T23:55:39
9;acee9688-aad8-4468-a530-ffe15387df4f;Applications Kansas Lao People's Democra;ivory Kina;Cambridgeshire definition redefine;true;2020-08-23T05:38:39
10;a206f934-d202-466f-82df-7b07f8c98dda;Bedfordshire copy HDD;Direct orange;Interactions Data;true;2020-08-24T01:51:54
