id;pkid;contract_name;contract_code;contract_status;contract_desc;data_prov_ids;data_prov_names;consumer_name;consumer_code;consumer_account;start_time;end_time;public_key;private_key;del_flag;create_time;create_by_id;create_by_name;create_by_org_id;create_by_org_name;last_up_time;last_up_id;last_up_name
1;Specialist;Turnpike;Extend;Island;Frozen leverage Small;Accountability National;1080p;Grass-roots;Gorgeous Concrete Tuna CSS Cross-group;Fish;2020-08-23T04:19:32;2020-08-24T01:07:16;Handcrafted Fresh Mouse;bus Books Rustic;false;2020-08-23T08:18:27;Underpass Bangladesh;Reduced brand;overriding;granular Engineer secured line;2020-08-23T06:01:56;deposit Clothing Islands;program reintermediate
2;Specialist Bedfordshire virtual;China;Shirt;Buckingham;quantifying;Libyan Dinar;human-resource methodologies;primary;national haptic Wooden;back-end deposit Senior;2020-08-23T22:28:49;2020-08-24T01:34:41;Product;Towels SSL recontextualize;true;2020-08-23T05:26:39;Steel systems parsing;Designer Granite Rustic Concrete Soap;scalable Synchronised;Money Market Account cross-platform;2020-08-23T21:15:28;Tasty Frozen Car;copy Credit Card Account AI
3;invoice;Pizza;white ;Engineer F;Seamless Stand-alone;Manager knowledge base;Incredible Cotton Chair Brand Alabama;eyeballs Wooden interface;Plastic cohesive generating;Sleek Wooden Car;2020-08-23T18:27:46;2020-08-23T11:08:03;heuristic;migration;false;2020-08-23T16:53:10;connecting;program generate initiatives;quantify Refined Sausages;online contextually-based;2020-08-24T00:11:25;salmon Berkshire;Developer 1080p maximized
4;payment Intelligent;copying;lavend;matrix;synthesize;Dynamic Niue incubate;Unbranded;pixel hack indigo;backing up Assurance interfaces;Nuevo Sol;2020-08-23T03:46:02;2020-08-23T15:36:00;Gorgeous Rubber Chair bus;withdrawal emulation;true;2020-08-23T17:40:10;Credit Card Account Tuvalu;haptic dot-com Uganda;Supervisor;capacitor Rustic Architect;2020-08-23T23:18:58;Health parse;logistical SCSI
5;Credit Card Account magnetic;Auto Loan Account technologies;sexy P;bypass cus;Supervisor Harbors Cotton;Beauty blue;Palestinian Territory;directional purple matrix;Fish;Strategist;2020-08-23T19:20:17;2020-08-23T12:51:45;Ergonomic incubate;Buckinghamshire;true;2020-08-23T07:17:21;applications Executive;Concrete interface deposit;Tuna Avon driver;Wooden;2020-08-24T02:21:41;Investor;sticky
6;functionalities Uganda Kentucky;Kids Credit Card Account Tactics;Proact;Delaware w;Checking Account circuit compress;payment;intuitive;Manager connecting 4th generation;Corporate sticky;Nevada monitor circuit;2020-08-23T05:08:11;2020-08-23T03:38:47;open system;Plastic Bedfordshire partnerships;false;2020-08-24T00:49:39;Unbranded Fresh Tuna Tennessee;infomediaries Specialist;Corporate optical relationships;invoice monetize metrics;2020-08-23T16:30:50;Bedfordshire Nauru withdrawal;Naira generate alarm
7;evolve Technician hack;International extensible invoice;Beauty;backing up;seize Branding Fully-configurable;Pines Reverse-engineered;deposit transmit technologies;Vista Movies;Health;task-force framework Functionality;2020-08-24T01:50:50;2020-08-24T01:49:35;Bedfordshire;bypassing Trinidad and Tobago Dollar transmit;true;2020-08-23T21:34:48;Village invoice withdrawal;olive;Squares;dot-com;2020-08-24T00:14:45;Security Personal Loan Account transmitt;Sausages interface
8;Implementation Money Market Account;navigating;Shoes ;Savings Ac;Wyoming Jordan Sierra Leone;Licensed Unbranded;fuchsia;Legacy analyzing circuit;payment Tasty Frozen Keyboard;Shoes Berkshire Borders;2020-08-23T13:09:14;2020-08-23T11:53:08;navigate Applications;Forward modular;false;2020-08-23T10:08:11;Freeway;Books olive;Wisconsin South Dakota Kenya;context-sensitive;2020-08-23T12:45:52;overriding Future quantify;override
9;Graphic Interface;hack backing up;Archit;Pre-emptiv;Designer Money Market Account;Borders;index channels Grass-roots;Fresh;HDD fresh-thinking archive;withdrawal;2020-08-24T00:32:58;2020-08-23T06:46:11;Sleek Wooden Table Florida Architect;Oregon Guam;true;2020-08-23T02:58:30;Central Islands Electronics;monitor Egyptian Pound;withdrawal hard drive open-source;digital;2020-08-23T14:41:27;clear-thinking Central human-resource;local Multi-channelled
10;maroon;Buckinghamshire;Soap C;Rustic Sof;Response SMTP Toys;Netherlands Antillian Guilder Director Tasty;Delaware;bypass Locks;Malagasy Ariary;Manat Stream;2020-08-23T20:22:45;2020-08-23T15:40:25;Central;Technician archive;false;2020-08-23T11:59:17;Interactions Buckinghamshire;Practical parsing;auxiliary;Product deposit;2020-08-23T12:48:28;Berkshire;generate
