id;operator_name;operator_id;operator_dept_name;operator_dept_id;operate_time;operate_type;content;memo;opreate_params;global_unique_id;del_flag
1;optimizing Home Loan;Lead 1080p;Decentralized;overriding vertical e-business;2020-08-20T12:55:41;Interactions Savings Account IB;Internal bypass IB;payment;Organic SAS Malagasy Ariary;Outdoors;true
2;Bypass Multi-tiered;Walk Assurance;Pennsylvania Ukraine;connecting connecting;2020-08-20T01:49:58;revolutionize middleware New Hampshire;back up International;database value-added Handmade Cotton Fis;Bahamian Dollar Dynamic;core;true
3;calculating;Dynamic;reboot e-business EX;zero tolerance Orchestrator;2020-08-20T09:51:10;Fish e-enable Ergonomic;Armenian Dram;Legacy initiative Hat;Concrete tan niches;Health Grove Awesome Rubber Soap;true
4;fuchsia;Grocery;Bedfordshire program;Netherlands Antilles Practical Fresh Cha;2020-08-20T08:50:57;Credit Card Account;Shoes United Kingdom;Balanced;Health visualize analyzing;navigate;false
5;overriding United Ki;frame Berkshire Grocery;invoice compress;Handcrafted Credit Card Account;2020-08-20T02:36:19;olive implement;Automotive;e-business;Down-sized;capacitor Rubber;false
6;transmitter;XSS;Metal Solutions;Gibraltar Pound;2020-08-20T11:11:37;function Reverse-engineered Hat;XML functionalities;Maryland modular Sleek Concrete Soap;Auto Loan Account input bypassing;Ball;false
7;Frozen Distributed C;haptic transmitter;invoice Latvia compr;Shoes actuating;2020-08-20T10:59:41;lime 24/365 Unbranded;Frozen Avon;methodology JSON Salad;Frozen quantifying;e-business Drives;false
8;Indonesia Generic;Bedfordshire Missouri;HTTP;Wooden Fantastic deliver;2020-08-19T21:49:16;Kids empowering connecting;Hawaii Health ADP;indigo Research;Sports SSL card;parse Gorgeous Rubber Mouse Sports;false
9;Mongolia Metal;Mobility Facilitator;withdrawal Producer ;Incredible Cotton Ball Car salmon;2020-08-19T22:26:28;utilisation;Jamaican Dollar;Response Ball;Front-line Money Market Account Credit C;strategic;false
10;connecting;Hills customized;sticky HTTP;Plastic olive e-enable;2020-08-19T17:02:56;Producer Iowa;Mill Division Ergonomic;Summit quantify;protocol Investor;withdrawal Handcrafted Concrete Bike;false
